"Task","Parameter","Estimate","Q2.5","Q97.5"
"autnes_sentiment","b_Intercept",0.515238783870205,0.513809087055961,0.516635829304708
"autnes_sentiment","b_lower",0.00431975387377299,0.00292772534257611,0.0057055583935047
"autnes_sentiment","b_mincount",-0.000542066831805415,-0.00196422869428873,0.00085235740178663
"autnes_sentiment","b_windows",-0.00229057431362494,-0.00368404384566759,-0.000903846369502831
"ffp","b_Intercept",0.521117121751762,0.520615306542039,0.521628738813789
"ffp","b_lower",-0.00070510212869381,-0.00120748781831159,-0.000198147045281669
"ffp","b_mincount",-0.000242868525430635,-0.000755473209247259,0.000267476287845656
"ffp","b_windows",-0.00220171610055049,-0.0027124963318695,-0.00168307337297763
"topics","b_Intercept",0.479871751502504,0.47719632326694,0.482509763296954
"topics","b_lower",0.000281059935207711,-0.00241973949025792,0.00299493448411309
"topics","b_mincount",-0.0160174565512593,-0.018742382597603,-0.0132730779344456
"topics","b_windows",0.00916380568641702,0.00648523797952351,0.011881557478439
"bestmatch","b_Intercept",0.536249600149465,0.53002176339284,0.542409976277981
"bestmatch","b_lower",0.0120191546749234,0.00583621668243262,0.0182967016433537
"bestmatch","b_mincount",0.04462673437311,0.0383649580614786,0.0508878220981584
"bestmatch","b_windows",-0.0104265108243835,-0.0166748415731178,-0.00425425992173482
"mostsimilar","b_Intercept",0.569108621760515,0.563185868306534,0.575065074935243
"mostsimilar","b_lower",-0.0363185209987714,-0.0421394620466917,-0.0303087920662409
"mostsimilar","b_mincount",0.0361672291748145,0.0300239591353574,0.042243063503015
"mostsimilar","b_windows",-0.00487401377420916,-0.0108777966286979,0.0011668675639249
"opposite","b_Intercept",0.0954676564135152,0.0909064118266729,0.100060585131628
"opposite","b_lower",-0.0114724881009743,-0.0160860414313402,-0.00687204156240268
"opposite","b_mincount",0.0244773350208737,0.0199091624214603,0.0290592560319371
"opposite","b_windows",-0.00657493673119533,-0.0111792616562337,-0.00202976593979917
"wordintrusion","b_Intercept",0.90505907549555,0.90281912598515,0.907309297300626
"wordintrusion","b_lower",0.00296790501494318,0.000750316630534386,0.00519621385849072
"wordintrusion","b_mincount",0.00747676597500518,0.00523423478575295,0.00973544848337164
"wordintrusion","b_windows",-0.00341445531522318,-0.0056594923628221,-0.00116928164634722
