model,name,group_number,lower,mincount,windows,mean_overall
wachsamer_oliver_training_data_cbow_lr0.05_epochs1_mincount5_ws5_dims300,wachsamer_oliver,2,0,5,5,0.5046091580447445
griawiger_niki_training_data_cbow_lr0.05_epochs1_mincount5_ws6_dims300,griawiger_niki,3,0,5,6,0.5034353543296733
grantiger_patric_training_data_cbow_lr0.05_epochs1_mincount5_ws12_dims300,grantiger_patric,4,0,5,12,0.4961816948878513
angeregte_friederike_training_data_cbow_lr0.05_epochs1_mincount5_ws24_dims300,angeregte_friederike,5,0,5,24,0.4966235008337771
angeregter_armin_training_data_cbow_lr0.05_epochs1_mincount10_ws5_dims300,angeregter_armin,6,0,10,5,0.5161698282549777
bezaubernde_jennifer_training_data_cbow_lr0.05_epochs1_mincount10_ws6_dims300,bezaubernde_jennifer,7,0,10,6,0.5119189010571732
lebendiger_paul_training_data_cbow_lr0.05_epochs1_mincount10_ws12_dims300,lebendiger_paul,8,0,10,12,0.5103943037312096
entzückende_veronica_training_data_cbow_lr0.05_epochs1_mincount10_ws24_dims300,entzückende_veronica,9,0,10,24,0.509365180824541
lebendige_stella_training_data_cbow_lr0.05_epochs1_mincount50_ws5_dims300,lebendige_stella,10,0,50,5,0.5302297351621537
topfiter_theodor_training_data_cbow_lr0.05_epochs1_mincount50_ws6_dims300,topfiter_theodor,11,0,50,6,0.5241150922660835
spritzige_jara_training_data_cbow_lr0.05_epochs1_mincount50_ws12_dims300,spritzige_jara,12,0,50,12,0.5275863704746613
vitaler_kay_training_data_cbow_lr0.05_epochs1_mincount50_ws24_dims300,vitaler_kay,13,0,50,24,0.5202596561978697
wachsamer_nikolaj_training_data_cbow_lr0.05_epochs1_mincount100_ws5_dims300,wachsamer_nikolaj,14,0,100,5,0.5371964207227631
reizvoller_khalid_training_data_cbow_lr0.05_epochs1_mincount100_ws6_dims300,reizvoller_khalid,15,0,100,6,0.5383593151222258
geniale_josefine_training_data_cbow_lr0.05_epochs1_mincount100_ws12_dims300,geniale_josefine,16,0,100,12,0.5364723774960082
bezaubernde_roxana_training_data_cbow_lr0.05_epochs1_mincount100_ws24_dims300,bezaubernde_roxana,17,0,100,24,0.5302272444268401
sinnlicher_andre_training_data_lower_cbow_lr0.05_epochs1_mincount5_ws5_dims300,sinnlicher_andre,18,1,5,5,0.498117043952976
entzückende_ravza_training_data_lower_cbow_lr0.05_epochs1_mincount5_ws6_dims300,entzückende_ravza,19,1,5,6,0.4964518853020524
muntere_ashley_training_data_lower_cbow_lr0.05_epochs1_mincount5_ws12_dims300,muntere_ashley,20,1,5,12,0.4932325573927415
brillanter_zoran_training_data_lower_cbow_lr0.05_epochs1_mincount5_ws24_dims300,brillanter_zoran,21,1,5,24,0.4930856933233261
aktiver_vasilije_training_data_lower_cbow_lr0.05_epochs1_mincount10_ws5_dims300,aktiver_vasilije,22,1,10,5,0.5018080782092089
vitale_stella_training_data_lower_cbow_lr0.05_epochs1_mincount10_ws6_dims300,vitale_stella,23,1,10,6,0.5025846751331307
kreativer_linus_training_data_lower_cbow_lr0.05_epochs1_mincount10_ws12_dims300,kreativer_linus,24,1,10,12,0.503772019275258
grantiger_baris_training_data_lower_cbow_lr0.05_epochs1_mincount10_ws24_dims300,grantiger_baris,25,1,10,24,0.5059371054782776
aktive_eleonore_training_data_lower_cbow_lr0.05_epochs1_mincount50_ws5_dims300,aktive_eleonore,26,1,50,5,0.5198583926312568
mutige_julia_training_data_lower_cbow_lr0.05_epochs1_mincount50_ws6_dims300,mutige_julia,27,1,50,6,0.5268602936044722
vitaler_nelio_training_data_lower_cbow_lr0.05_epochs1_mincount50_ws12_dims300,vitaler_nelio,28,1,50,12,0.5238856268018006
geniale_doreen_training_data_lower_cbow_lr0.05_epochs1_mincount50_ws24_dims300,geniale_doreen,29,1,50,24,0.5177118420308495
angeregter_lucca_training_data_lower_cbow_lr0.05_epochs1_mincount100_ws5_dims300,angeregter_lucca,30,1,100,5,0.5268273157355007
grandioser_teoman_training_data_lower_cbow_lr0.05_epochs1_mincount100_ws6_dims300,grandioser_teoman,31,1,100,6,0.5253233239977225
genialer_noar_training_data_lower_cbow_lr0.05_epochs1_mincount100_ws12_dims300,genialer_noar,32,1,100,12,0.5290293708428735
spontaner_gideon_training_data_lower_cbow_lr0.05_epochs1_mincount100_ws24_dims300,spontaner_gideon,33,1,100,24,0.5313512937319196
