pair,combination,mean_rank,n_tasks,n_tasks_bottom25,frac_tasks_bottom25,red_flag
lower x mincount,0.0 | 10.0,0.46,7,0,0.0,False
lower x mincount,0.0 | 100.0,0.651,7,1,0.143,False
lower x mincount,0.0 | 5.0,0.414,7,1,0.143,False
lower x mincount,0.0 | 50.0,0.551,7,0,0.0,False
lower x mincount,1.0 | 10.0,0.42,7,2,0.286,False
lower x mincount,1.0 | 100.0,0.643,7,1,0.143,False
lower x mincount,1.0 | 5.0,0.435,7,2,0.286,False
lower x mincount,1.0 | 50.0,0.55,7,0,0.0,False
lower x windows,0.0 | 12.0,0.499,7,0,0.0,False
lower x windows,0.0 | 24.0,0.398,7,2,0.286,False
lower x windows,0.0 | 5.0,0.624,7,0,0.0,False
lower x windows,0.0 | 6.0,0.555,7,0,0.0,False
lower x windows,1.0 | 12.0,0.501,7,0,0.0,False
lower x windows,1.0 | 24.0,0.445,7,1,0.143,False
lower x windows,1.0 | 5.0,0.585,7,0,0.0,False
lower x windows,1.0 | 6.0,0.517,7,0,0.0,False
mincount x windows,10.0 | 12.0,0.423,7,1,0.143,False
mincount x windows,10.0 | 24.0,0.331,7,4,0.571,False
mincount x windows,10.0 | 5.0,0.566,7,0,0.0,False
mincount x windows,10.0 | 6.0,0.441,7,0,0.0,False
mincount x windows,100.0 | 12.0,0.666,7,0,0.0,False
mincount x windows,100.0 | 24.0,0.578,7,1,0.143,False
mincount x windows,100.0 | 5.0,0.715,7,1,0.143,False
mincount x windows,100.0 | 6.0,0.629,7,2,0.286,False
mincount x windows,5.0 | 12.0,0.384,7,4,0.571,False
mincount x windows,5.0 | 24.0,0.324,7,5,0.714,True
mincount x windows,5.0 | 5.0,0.506,7,0,0.0,False
mincount x windows,5.0 | 6.0,0.484,7,3,0.429,False
mincount x windows,50.0 | 12.0,0.528,7,0,0.0,False
mincount x windows,50.0 | 24.0,0.453,7,1,0.143,False
mincount x windows,50.0 | 5.0,0.631,7,1,0.143,False
mincount x windows,50.0 | 6.0,0.59,7,0,0.0,False
