hyperparameter,value,mean_rank_all,mean_rank_intrinsic,mean_rank_extrinsic,frac_tasks_bottom25,n_tasks_bottom25,stat_sig_worse,bottom25_in_tasks
mincount,5.0,0.402,0.236,0.624,0.43,3,True,Intrinsic Task 1: Best Match; Intrinsic Task 4: Grammar; Intrinsic Task 2: Opposite
mincount,100.0,0.622,0.787,0.402,0.14,1,True,Extrinsic Task 2: Topic Prediction
windows,24.0,0.434,0.423,0.45,0.0,0,True,–
mincount,10.0,0.438,0.366,0.534,0.0,0,True,–
lower,1.0,0.489,0.463,0.524,0.0,0,True,–
windows,12.0,0.491,0.477,0.509,0.0,0,True,–
lower,0.0,0.514,0.541,0.479,0.0,0,True,–
windows,6.0,0.522,0.539,0.5,0.0,0,True,–
mincount,50.0,0.544,0.618,0.447,0.0,0,True,–
